team,p_playoffs,p_meias_finais,p_finais,p_champion,p_promocao,p_descida,expected_points,expected_points_std,expected_place_in_group,expected_place_in_group_std,avg_final_elo,avg_final_elo_std
Administração Pública,0.0000,0.0000,0.0000,0.0000,0.0000,0.0000,17.00,0.00,4.00,0.00,507.0,0.0
Biologia,0.0000,0.0000,0.0000,0.0000,0.0000,0.0000,25.00,0.00,4.00,0.00,1193.0,0.0
Biologia e Geologia,0.0000,0.0000,0.0000,0.0000,0.0000,0.0000,16.00,0.00,6.00,0.00,498.0,0.0
Bioquímica,0.0000,0.0000,0.0000,0.0000,0.0000,0.0000,18.00,0.00,3.00,0.00,557.0,0.0
Ciências Biomédicas,0.0000,0.0000,0.0000,0.0000,0.0000,0.0000,23.00,0.00,5.00,0.00,1088.0,0.0
Ciências Biomédicas B,0.0000,0.0000,0.0000,0.0000,0.0000,0.0000,11.00,0.00,8.00,0.00,423.0,0.0
Contabilidade,0.0000,0.0000,0.0000,0.0000,0.0000,0.0000,14.00,0.00,7.00,0.00,554.0,0.0
Design,0.0000,0.0000,0.0000,0.0000,0.0000,0.0000,15.00,0.00,7.00,0.00,1009.0,0.0
Economia,0.0000,0.0000,0.0000,0.0000,0.0000,0.0000,5.00,0.00,11.00,0.00,210.0,0.0
Educação Básica,0.0000,0.0000,0.0000,0.0000,0.0000,0.0000,3.00,0.00,11.00,0.00,108.0,0.0
Eng. Biomédica,0.0000,0.0000,0.0000,0.0000,0.0000,100.0000,1.00,0.00,12.00,0.00,491.0,0.0
Eng. Civil,0.0000,0.0000,0.0000,0.0000,0.0000,85.5350,10.00,0.00,9.00,0.00,643.0,0.0
Eng. Computadores e Telemática,0.0000,0.0000,0.0000,0.0000,0.0000,0.0000,7.00,0.00,10.00,0.00,220.0,0.0
Eng. Eletrónica e Telecomunicações,0.0000,0.0000,0.0000,0.0000,0.0000,0.0000,31.00,0.00,3.00,0.00,1328.0,0.0
Eng. Física,100.0000,100.0000,100.0000,0.0000,100.0000,0.0000,27.00,0.00,1.00,0.00,856.0,0.0
Eng. Informática,0.0000,0.0000,0.0000,0.0000,0.0000,0.0000,18.00,0.00,6.00,0.00,962.0,0.0
Eng. Mecânica,0.0000,0.0000,0.0000,0.0000,0.0000,0.0000,20.00,0.00,4.00,0.00,718.0,0.0
Eng. Química,0.0000,0.0000,0.0000,0.0000,0.0000,0.0000,20.00,0.00,5.00,0.00,651.0,0.0
Eng. de Materiais,0.0000,0.0000,0.0000,0.0000,0.0000,100.0000,6.00,0.00,11.00,0.00,593.0,0.0
Eng. do Ambiente,0.0000,0.0000,0.0000,0.0000,85.5350,0.0000,29.00,0.00,2.00,0.00,867.0,0.0
Eng. e Gestão Industrial,100.0000,100.0000,100.0000,100.0000,0.0000,0.0000,39.00,0.00,1.00,0.00,1510.0,0.0
Fisioterapia,0.0000,0.0000,0.0000,0.0000,0.0000,0.0000,34.00,0.00,2.00,0.00,1300.0,0.0
Geologia,0.0000,0.0000,0.0000,0.0000,0.0000,100.0000,9.00,0.00,10.00,0.00,734.0,0.0
Gestão,0.0000,0.0000,0.0000,0.0000,0.0000,0.0000,25.00,0.00,2.00,0.00,753.0,0.0
Gestão Comercial,0.0000,0.0000,0.0000,0.0000,0.0000,0.0000,10.00,0.00,9.00,0.00,313.0,0.0
Gestão e Planeamento em Turismo,0.0000,0.0000,0.0000,0.0000,0.0000,0.0000,10.00,0.00,8.00,0.00,856.0,0.0
Línguas e Relações Empresariais,0.0000,0.0000,0.0000,0.0000,0.0000,0.0000,16.00,0.00,5.00,0.00,486.0,0.0
"Línguas, Literaturas e Culturas",0.0000,0.0000,0.0000,0.0000,0.0000,0.0000,20.00,0.00,3.00,0.00,630.0,0.0
MTC,0.0000,0.0000,0.0000,0.0000,0.0000,0.0000,16.00,0.00,6.00,0.00,431.0,0.0
Marketing,0.0000,0.0000,0.0000,0.0000,0.0000,0.0000,6.00,0.00,9.00,0.00,240.0,0.0
Matemática,0.0000,0.0000,0.0000,0.0000,0.0000,0.0000,5.00,0.00,10.00,0.00,314.0,0.0
Música,0.0000,0.0000,0.0000,0.0000,0.0000,0.0000,15.00,0.00,7.00,0.00,539.0,0.0
Psicologia,0.0000,0.0000,0.0000,0.0000,100.0000,0.0000,30.00,0.00,1.00,0.00,722.0,0.0
Tradução,0.0000,0.0000,0.0000,0.0000,0.0000,0.0000,10.00,0.00,8.00,0.00,383.0,0.0
